begin;

drop table if exists order_items;
drop table if exists orders;
drop table if exists customers;
drop table if exists products;

create table products (
  id bigint generated by default as identity primary key,
  title text not null,
  description text,
  price numeric(10, 2) not null check (price >= 0),
  inventory_count integer not null default 0 check (inventory_count >= 0),
  category text not null,
  is_active boolean not null default true,
  created_at timestamptz not null default now()
);

create table customers (
  id bigint generated by default as identity primary key,
  first_name text not null,
  last_name text not null,
  email text not null unique,
  city text not null,
  state text not null,
  created_at timestamptz not null default now()
);

create table orders (
  id bigint generated by default as identity primary key,
  customer_id bigint not null references customers(id),
  status text not null check (
    status in ('pending', 'paid', 'shipped', 'delivered', 'cancelled', 'returned')
  ),
  ordered_at timestamptz not null default now()
);

create table order_items (
  id bigint generated by default as identity primary key,
  order_id bigint not null references orders(id) on delete cascade,
  product_id bigint not null references products(id),
  quantity integer not null check (quantity > 0),
  unit_price numeric(10, 2) not null check (unit_price >= 0),
  unique (order_id, product_id)
);

insert into products
(id, title, description, price, inventory_count, category, is_active)
values
(1, 'Gaming Mouse', 'A wired mouse with extra buttons', 39.99, 25, 'electronics', true),
(2, 'Mechanical Keyboard', 'A keyboard with blue switches', 89.99, 12, 'electronics', true),
(3, 'USB-C Cable', 'A 6 foot charging cable', 12.99, 100, 'electronics', true),
(4, 'Water Bottle', 'A reusable stainless steel bottle', 19.99, 40, 'home', true),
(5, 'Notebook', 'A college ruled notebook', 4.99, 200, 'school', true),
(6, 'Backpack', 'A basic black backpack', 34.99, 15, 'school', true),
(7, 'Desk Lamp', 'A small LED desk lamp', 24.99, 8, 'home', true),
(8, 'Coffee Mug', 'A ceramic mug for coffee or tea', 9.99, 30, 'home', true),
(9, 'Pencil Pack', 'A pack of 12 pencils', 3.99, 150, 'school', true),
(10, 'Monitor Stand', 'A stand to raise your computer monitor', 29.99, 10, 'office', true),
(11, 'Sticky Notes', 'A pack of yellow sticky notes', 5.99, 75, 'office', true),
(12, 'Old Phone Case', 'A discontinued phone case', 7.99, 0, 'electronics', false),
(13, 'Wireless Headphones', 'Bluetooth headphones with noise reduction', 59.99, 20, 'electronics', true),
(14, 'Laptop Sleeve', 'A padded sleeve for a 13 inch laptop', 21.99, 35, 'electronics', true),
(15, 'Bluetooth Speaker', 'A small portable speaker', 49.99, 18, 'electronics', true),
(16, 'Phone Charger', 'A fast charging wall adapter', 14.99, 80, 'electronics', true),
(17, 'Yoga Mat', 'A non-slip exercise mat', 22.99, 22, 'sports', true),
(18, 'Jump Rope', 'A basic adjustable jump rope', 8.99, 60, 'sports', true),
(19, 'Running Socks', 'A pack of breathable running socks', 11.99, 90, 'apparel', true),
(20, 'Hoodie', 'A soft pullover hoodie', 44.99, 32, 'apparel', true),
(21, 'T-Shirt', 'A plain cotton t-shirt', 16.99, 120, 'apparel', true),
(22, 'Travel Mug', 'An insulated mug with a lid', 18.99, 45, 'home', true),
(23, 'Throw Blanket', 'A soft blanket for the couch', 27.99, 16, 'home', true),
(24, 'Wall Calendar', 'A monthly wall calendar', 12.49, 50, 'office', true),
(25, 'Gel Pen Set', 'A set of assorted gel pens', 7.49, 110, 'school', true),
(26, 'Binder', 'A three ring binder', 6.99, 70, 'school', true),
(27, 'File Folders', 'A pack of manila file folders', 8.49, 55, 'office', true),
(28, 'Whiteboard Markers', 'A pack of dry erase markers', 10.99, 48, 'office', true),
(29, 'Desk Organizer', 'A small organizer for office supplies', 17.99, 25, 'office', true),
(30, 'Lunch Box', 'A reusable lunch container', 15.99, 38, 'kitchen', true),
(31, 'Cutting Board', 'A plastic kitchen cutting board', 13.99, 28, 'kitchen', true),
(32, 'Measuring Cups', 'A set of measuring cups', 9.49, 42, 'kitchen', true),
(33, 'Frying Pan', 'A non-stick frying pan', 31.99, 14, 'kitchen', true),
(34, 'LED Light Strip', 'A strip of color-changing LED lights', 18.49, 33, 'electronics', true),
(35, 'Webcam', 'A 1080p USB webcam', 39.49, 21, 'electronics', true),
(36, 'Discontinued Planner', 'A planner from last year', 2.99, 0, 'office', false),
(37, 'Wireless Charger', 'A charging pad for phones', 24.99, 26, 'electronics', true),
(38, 'Earbuds Case', 'A protective case for earbuds', 6.99, 44, 'electronics', true),
(39, 'Mouse Pad', 'A basic cloth mouse pad', 8.99, 65, 'office', true),
(40, 'Index Cards', 'A pack of lined index cards', 2.49, 180, 'school', true);

insert into customers
(id, first_name, last_name, email, city, state)
values
(1, 'Ava', 'Johnson', 'ava.johnson@example.com', 'Albany', 'NY'),
(2, 'Liam', 'Smith', 'liam.smith@example.com', 'Denver', 'CO'),
(3, 'Mia', 'Garcia', 'mia.garcia@example.com', 'Austin', 'TX'),
(4, 'Noah', 'Brown', 'noah.brown@example.com', 'Portland', 'OR'),
(5, 'Emma', 'Davis', 'emma.davis@example.com', 'Boston', 'MA'),
(6, 'Oliver', 'Wilson', 'oliver.wilson@example.com', 'Chicago', 'IL'),
(7, 'Sophia', 'Martinez', 'sophia.martinez@example.com', 'Phoenix', 'AZ'),
(8, 'Elijah', 'Anderson', 'elijah.anderson@example.com', 'Seattle', 'WA'),
(9, 'Isabella', 'Thomas', 'isabella.thomas@example.com', 'Miami', 'FL'),
(10, 'Lucas', 'Taylor', 'lucas.taylor@example.com', 'Nashville', 'TN'),
(11, 'Amelia', 'Moore', 'amelia.moore@example.com', 'Atlanta', 'GA'),
(12, 'Mason', 'Jackson', 'mason.jackson@example.com', 'Columbus', 'OH'),
(13, 'Harper', 'White', 'harper.white@example.com', 'Raleigh', 'NC'),
(14, 'Ethan', 'Harris', 'ethan.harris@example.com', 'San Diego', 'CA'),
(15, 'Evelyn', 'Clark', 'evelyn.clark@example.com', 'Madison', 'WI'),
(16, 'James', 'Lewis', 'james.lewis@example.com', 'Tampa', 'FL'),
(17, 'Charlotte', 'Walker', 'charlotte.walker@example.com', 'Detroit', 'MI'),
(18, 'Benjamin', 'Hall', 'benjamin.hall@example.com', 'Boise', 'ID'),
(19, 'Abigail', 'Young', 'abigail.young@example.com', 'Richmond', 'VA'),
(20, 'Henry', 'King', 'henry.king@example.com', 'Newark', 'NJ');

insert into orders
(id, customer_id, status, ordered_at)
values
(1, 1, 'delivered', '2025-01-05 10:15:00-05'),
(2, 2, 'shipped', '2025-01-07 14:30:00-05'),
(3, 3, 'paid', '2025-01-09 09:20:00-05'),
(4, 4, 'delivered', '2025-01-12 16:45:00-05'),
(5, 5, 'cancelled', '2025-01-15 11:10:00-05'),
(6, 6, 'delivered', '2025-01-18 13:35:00-05'),
(7, 7, 'pending', '2025-01-20 08:50:00-05'),
(8, 8, 'shipped', '2025-01-23 17:05:00-05'),
(9, 9, 'delivered', '2025-01-25 12:25:00-05'),
(10, 10, 'paid', '2025-01-27 15:15:00-05'),
(11, 1, 'delivered', '2025-02-02 10:00:00-05'),
(12, 2, 'returned', '2025-02-04 09:30:00-05'),
(13, 11, 'delivered', '2025-02-06 14:15:00-05'),
(14, 12, 'shipped', '2025-02-08 18:40:00-05'),
(15, 13, 'delivered', '2025-02-10 13:05:00-05'),
(16, 14, 'paid', '2025-02-12 07:45:00-05'),
(17, 15, 'delivered', '2025-02-14 20:20:00-05'),
(18, 16, 'cancelled', '2025-02-17 10:55:00-05'),
(19, 17, 'pending', '2025-02-19 16:10:00-05'),
(20, 18, 'shipped', '2025-02-21 12:00:00-05'),
(21, 19, 'delivered', '2025-02-24 11:25:00-05'),
(22, 3, 'delivered', '2025-03-01 09:15:00-05'),
(23, 4, 'paid', '2025-03-03 15:50:00-05'),
(24, 5, 'shipped', '2025-03-05 19:35:00-05'),
(25, 6, 'delivered', '2025-03-08 13:30:00-05'),
(26, 7, 'returned', '2025-03-10 10:40:00-05'),
(27, 8, 'delivered', '2025-03-12 08:25:00-05'),
(28, 9, 'paid', '2025-03-15 17:45:00-05'),
(29, 10, 'shipped', '2025-03-17 11:05:00-05'),
(30, 11, 'pending', '2025-03-19 14:55:00-05'),
(31, 12, 'delivered', '2025-03-21 09:10:00-05'),
(32, 13, 'shipped', '2025-03-23 16:30:00-05'),
(33, 14, 'cancelled', '2025-03-25 12:45:00-05'),
(34, 15, 'delivered', '2025-03-27 18:15:00-05'),
(35, 16, 'paid', '2025-03-29 10:20:00-05');

insert into order_items
(order_id, product_id, quantity, unit_price)
values
(1, 1, 1, 39.99),
(1, 3, 2, 12.99),
(1, 13, 1, 59.99),
(2, 5, 5, 4.99),
(2, 9, 2, 3.99),
(2, 25, 1, 7.49),
(3, 4, 1, 19.99),
(3, 8, 2, 9.99),
(3, 22, 1, 18.99),
(4, 2, 1, 89.99),
(4, 10, 1, 29.99),
(4, 28, 1, 10.99),
(5, 20, 1, 44.99),
(5, 21, 2, 16.99),
(6, 17, 1, 22.99),
(6, 18, 1, 8.99),
(6, 19, 3, 11.99),
(7, 7, 1, 24.99),
(7, 23, 1, 27.99),
(8, 15, 1, 49.99),
(8, 16, 2, 14.99),
(8, 34, 1, 18.49),
(9, 30, 1, 15.99),
(9, 31, 1, 13.99),
(9, 32, 1, 9.49),
(9, 33, 1, 31.99),
(10, 6, 1, 34.99),
(10, 5, 3, 4.99),
(10, 40, 4, 2.49),
(11, 35, 1, 39.49),
(11, 3, 1, 12.99),
(11, 37, 1, 24.99),
(12, 14, 1, 21.99),
(12, 1, 1, 39.99),
(13, 29, 2, 17.99),
(13, 11, 4, 5.99),
(13, 27, 3, 8.49),
(14, 24, 2, 12.49),
(14, 25, 2, 7.49),
(14, 26, 3, 6.99),
(15, 4, 2, 19.99),
(15, 22, 1, 18.99),
(16, 13, 1, 59.99),
(16, 15, 1, 49.99),
(17, 20, 2, 44.99),
(17, 21, 3, 16.99),
(17, 19, 4, 11.99),
(18, 30, 2, 15.99),
(18, 33, 1, 31.99),
(19, 7, 1, 24.99),
(19, 10, 1, 29.99),
(19, 29, 1, 17.99),
(20, 16, 1, 14.99),
(20, 37, 1, 24.99),
(20, 3, 3, 12.99),
(21, 6, 1, 34.99),
(21, 5, 10, 4.99),
(21, 9, 5, 3.99),
(21, 25, 2, 7.49),
(22, 1, 1, 39.99),
(22, 2, 1, 89.99),
(22, 39, 1, 8.99),
(23, 17, 2, 22.99),
(23, 18, 2, 8.99),
(24, 23, 2, 27.99),
(24, 8, 4, 9.99),
(24, 4, 1, 19.99),
(25, 28, 2, 10.99),
(25, 11, 6, 5.99),
(25, 27, 4, 8.49),
(25, 24, 1, 12.49),
(26, 35, 1, 39.49),
(26, 13, 1, 59.99),
(27, 30, 3, 15.99),
(27, 32, 2, 9.49),
(27, 31, 1, 13.99),
(28, 34, 2, 18.49),
(28, 15, 1, 49.99),
(29, 14, 2, 21.99),
(29, 6, 1, 34.99),
(30, 29, 1, 17.99),
(30, 10, 1, 29.99),
(30, 7, 1, 24.99),
(31, 20, 1, 44.99),
(31, 22, 1, 18.99),
(31, 4, 1, 19.99),
(32, 16, 3, 14.99),
(32, 3, 4, 12.99),
(32, 37, 1, 24.99),
(33, 1, 1, 39.99),
(33, 35, 1, 39.49),
(34, 33, 2, 31.99),
(34, 31, 1, 13.99),
(34, 32, 1, 9.49),
(35, 5, 20, 4.99),
(35, 9, 10, 3.99),
(35, 11, 5, 5.99),
(35, 25, 3, 7.49);

select setval(pg_get_serial_sequence('products', 'id'), (select max(id) from products));
select setval(pg_get_serial_sequence('customers', 'id'), (select max(id) from customers));
select setval(pg_get_serial_sequence('orders', 'id'), (select max(id) from orders));
select setval(pg_get_serial_sequence('order_items', 'id'), (select max(id) from order_items));

commit;
